country,year,latitude,longitude,deaths_civilians
Afghanistan,1989,34.19695616666668,69.12744683333334,303
Afghanistan,1990,34.444187,67.56111075000001,101
Afghanistan,1991,34.31244825,69.830969375,49
Afghanistan,1992,34.463917166666675,68.85409705555556,1695
Afghanistan,1993,34.646557826086976,69.2316003478261,637
Afghanistan,1994,34.56459093333333,68.01056933333332,120
Afghanistan,1995,34.60699323809525,68.49693233333333,185
Afghanistan,1996,34.5971266923077,68.91121820512822,483
Afghanistan,1997,35.59013515384615,68.2347593076923,353
Afghanistan,1998,35.47604427586207,68.11496910344829,6341
Afghanistan,1999,35.33075496,68.49619171999998,583
Afghanistan,2000,35.85750408333333,67.55714291666665,639
Afghanistan,2001,34.80406651724138,67.21339301724139,867
Afghanistan,2002,34.12278430769231,66.71030115384616,171
Afghanistan,2003,33.770100479999996,66.66102744,67
Afghanistan,2004,32.85710446666667,67.07397886666668,77
Afghanistan,2005,32.65368013749999,66.846133125,200
Afghanistan,2006,32.78125414893617,66.88491675177305,477
Afghanistan,2007,32.86156043558283,66.8238672208589,669
Afghanistan,2008,32.799609557377046,66.73442555737707,763
Afghanistan,2009,33.278666813725486,67.32203652941175,1099
Afghanistan,2010,33.23160711176473,66.68281987941171,1178
Afghanistan,2011,33.47669122330097,66.97143589320392,1024
Afghanistan,2012,33.277243815261045,66.81270173493978,908
Afghanistan,2013,33.318059109803926,66.56870732941177,930
Afghanistan,2014,33.86310455859374,67.25835108984376,876
Afghanistan,2015,33.95867613008131,67.51336051626016,899
Afghanistan,2016,34.15497286231884,67.41545643840576,1076
Albania,1999,42.404167,20.166667,2
Algeria,1991,36.763056,3.0505560000000003,1
Algeria,1992,35.6666544,2.7266608000000003,5
Algeria,1993,33.411305600000006,2.9699033,37
Algeria,1994,36.429022357142856,3.237852785714286,30
Algeria,1995,36.62296057142857,3.097650714285714,15
Algeria,1996,36.499088,2.8773936666666664,9
Algeria,1997,36.581543714285715,3.6239864285714285,361
Algeria,1998,35.95460966666667,3.0138625,143
Algeria,1999,35.81705204347826,2.7481696086956524,143
Algeria,2000,34.73220477142858,2.556562542857143,247
Algeria,2001,35.2945375,3.3591743333333333,32
Algeria,2002,36.15764648235295,2.435564576470588,535
Algeria,2003,36.243905500000004,3.938042055555555,58
Algeria,2004,36.28987823076923,3.6311815897435884,95
Algeria,2005,34.838426285714284,5.154879857142857,26
Algeria,2006,36.60379129411765,4.165423647058823,46
Algeria,2007,36.45853888888889,3.796256777777778,31
Algeria,2008,34.37058811111112,4.385523666666667,58
Algeria,2009,35.92090816666667,5.066121291666666,48
Algeria,2010,35.30238535714285,4.988984857142857,26
Algeria,2011,36.46879979999999,3.9903776,17
Algeria,2012,36.174320933333334,3.860317733333333,23
Algeria,2013,29.6743005,8.617124,27
Algeria,2014,35.915746999999996,2.270966,1
Algeria,2015,36.75,4.25,1
Angola,1989,-11.788017522727271,16.75319445454545,297
Angola,1990,-11.69173069230769,15.965019730769232,191
Angola,1991,-10.8291665,18.966667,212
Angola,1992,-9.344206142857141,14.298452285714282,32
Angola,1993,-12.719476384615387,16.68510680769231,761
Angola,1994,-10.507638777777778,16.259320944444443,304
Angola,1995,-11.66796288888889,15.673024666666667,56
Angola,1996,-5.6,12.2,1
Angola,1997,-6.5533332,13.1,45
Angola,1998,-10.308236347826087,15.464806869565221,214
Angola,1999,-10.623445219512197,16.544176170731703,464
Angola,2000,-11.853106078947368,15.863388236842104,258
Angola,2001,-11.40667687037037,15.79797337037037,1038
Angola,2002,-8.219297294117649,14.480114588235296,97
Angola,2003,-4.895735666666667,12.595656666666667,59
Angola,2004,-5.1375,12.425,12
Angola,2005,-5.027777666666666,12.449999999999998,3
Angola,2007,-5.033333,12.533333,1
Angola,2008,-5.0,12.5,1
Angola,2010,-6.277777666666666,12.777777666666665,6
Angola,2016,-8.833333,13.333332999999998,1
Armenia,1992,39.76362666666666,45.996363333333335,44
Armenia,1993,39.94772,45.41394,17
Armenia,1995,40.0,45.0,1
Armenia,2015,41.0057928,44.94173,12
Azerbaijan,1992,39.89009445,46.56117985000001,307
Azerbaijan,1993,39.995616937499996,46.57117825000001,56
Azerbaijan,1994,39.946076500000004,46.89646075,10
Azerbaijan,1995,40.69764,47.81611,7
Azerbaijan,2004,40.5,47.5,3
Azerbaijan,2011,40.166666666666664,47.166666666666664,3
Azerbaijan,2016,40.060408833333334,46.7262255,10
Bahrain,2011,26.147694350000002,50.58229199999999,26
Bangladesh,1989,22.78781581818182,91.91513290909091,54
Bangladesh,1990,22.767367599999996,91.99792760000001,48
Bangladesh,1991,22.78849789473684,91.9408192631579,70
Bangladesh,1992,22.793674684210526,91.92158284210527,205
Bangladesh,1993,24.060277499999998,89.0890275,7
Bangladesh,1994,21.81318,92.36806999999999,23
Bangladesh,1995,23.381992999999998,92.293823,1
Bangladesh,1996,22.181237666666664,91.96161133333334,34
Bangladesh,1997,22.615437333333333,91.87217666666668,3
Bangladesh,1998,22.17681,91.3882915,7
Bangladesh,1999,20.630564,92.367972,1
Bangladesh,2000,20.630564,92.367972,4
Bangladesh,2001,22.9266155,91.4017825,6
Bangladesh,2004,24.273563,89.40191362499999,25
Bangladesh,2005,23.710747444444447,89.55201944444444,22
Bangladesh,2006,23.392682750000002,89.98423874999999,8
Bangladesh,2008,26.487470000000002,88.422814,3
Bangladesh,2009,23.9482605,90.38601249999999,2
Bangladesh,2010,23.723056,90.408611,1
Bangladesh,2013,23.559192,90.41058466666665,11
Bangladesh,2015,24.19325627272727,90.39261045454545,12
Bangladesh,2016,23.97406257142857,89.7182592857143,36
Belgium,2016,50.833333,4.3333330000000005,32
Bosnia-Herzegovina,1992,44.02514683908042,18.206264172413785,3910
Bosnia-Herzegovina,1993,44.02882711111114,18.11775535353536,1089
Bosnia-Herzegovina,1994,44.240456255102075,17.85258212244901,850
Bosnia-Herzegovina,1995,44.163936111702206,17.967773154255376,8643
Botswana,1990,-24.637418,26.405007,1
Brazil,1993,-22.90278,-43.2075,29
Brazil,1994,-22.90278,-43.2075,2
Brazil,1995,-19.490000000000002,-47.687778,13
Brazil,1996,-14.135695,-46.162639999999996,9
Brazil,1997,-23.5475,-46.636109999999995,1
Brazil,1999,-23.151810000000005,-44.16640285714285,17
Brazil,2000,-22.90278,-43.2075,1
Brazil,2002,-22.90278,-43.2075,7
Brazil,2003,-22.90278,-43.2075,6
Brazil,2004,-22.90278,-43.2075,6
Brazil,2005,-22.90278,-43.2075,33
Brazil,2006,-22.90278,-43.2075,5
Brazil,2007,-22.90278,-43.2075,6
Brazil,2008,-22.90278,-43.2075,10
Brazil,2009,-22.90278,-43.2075,5
Brazil,2011,-22.90278,-43.2075,1
Brazil,2012,-22.90278,-43.2075,6
Burundi,1991,-3.305822,29.400116500000003,10
Burundi,1992,-2.9666669999999997,29.193056,1
Burundi,1993,-3.2835,29.495,5
Burundi,1994,-3.3147850000000005,29.3108935,11
Burundi,1995,-3.2965218928571423,29.529815714285707,1344
Burundi,1996,-3.3437044358974353,29.57827861538461,2185
Burundi,1997,-3.473422804878049,29.453355560975613,812
Burundi,1998,-3.642786767441861,29.504804348837208,825
Burundi,1999,-3.605979066666666,29.548680266666665,628
Burundi,2000,-3.551793957746479,29.791000774647895,714
Burundi,2001,-3.489062485714285,29.608847342857143,303
Burundi,2002,-3.4211551558441564,29.556679090909096,617
Burundi,2003,-3.340110811111112,29.570759977777772,369
Burundi,2004,-3.4553679677419353,29.39426077419355,259
Burundi,2005,-3.418127740000001,29.419941200000007,114
Burundi,2006,-3.322513724137931,29.48713431034483,50
Burundi,2007,-3.1761390625000003,29.440491625,23
Burundi,2008,-3.317222142857143,29.46440157142857,26
Burundi,2013,-2.990622,29.700907,9
Burundi,2014,-2.9,29.3,1
Burundi,2015,-3.1566306923076928,29.330900769230766,71
Burundi,2016,-3.2342069999999996,29.446791500000003,6
Cambodia (Kampuchea),1989,13.570926,103.66444466666667,16
Cambodia (Kampuchea),1990,12.24621,103.89997666666666,104
Cambodia (Kampuchea),1991,12.746426142857143,104.14068099999999,136
Cambodia (Kampuchea),1992,12.658518454545453,104.82684763636365,90
Cambodia (Kampuchea),1993,12.599736499999999,104.29945672222222,228
Cambodia (Kampuchea),1994,12.33531431578947,104.28729673684211,115
Cambodia (Kampuchea),1995,12.9894808,103.53222549999998,50
Cambodia (Kampuchea),1996,12.898957444444445,104.068736,70
Cambodia (Kampuchea),1997,12.436104125,105.16213850000001,34
Cambodia (Kampuchea),1998,13.077093499999998,104.31073333333335,69
Cambodia (Kampuchea),2000,11.9999975,105.12499749999999,4
Cambodia (Kampuchea),2003,11.56245,104.91600600000001,1
Cambodia (Kampuchea),2007,13.75,105.0,2
Cambodia (Kampuchea),2011,14.390857,104.68059000000001,2
Cambodia (Kampuchea),2012,11.748056,102.9825,1
Cameroon,1990,5.952655,10.158244999999999,6
Cameroon,1994,12.729794,14.352621,55
Cameroon,1996,4.5833330000000005,8.6,2
Cameroon,2000,4.0469,9.7084,2
Cameroon,2004,6.0,12.0,9
Cameroon,2013,12.076889999999999,15.030629999999999,1
Cameroon,2014,11.253814357142858,13.991292785714288,89
Cameroon,2015,11.44558753125,14.245480531249997,306
Cameroon,2016,11.155165099999998,14.122337700000003,304
Canada,1995,46.8,-71.25,1
Central African Republic,1992,4.366667,18.583333,1
Central African Republic,1993,4.366667,18.583333,4
Central African Republic,1999,4.366667,18.583333,5
Central African Republic,2001,5.9871796153846155,20.07051269230769,24
Central African Republic,2002,5.59798625,19.213958125,43
Central African Republic,2003,5.894629666666667,18.653888666666663,4
Central African Republic,2005,7.045177833333333,17.3371925,8
Central African Republic,2006,7.334111454545453,18.33738386363637,119
Central African Republic,2007,7.5243269999999995,18.897287066666664,124
Central African Republic,2008,7.033261333333333,20.973405,6
Central African Republic,2009,5.4547482647058825,26.327885000000006,93
Central African Republic,2010,6.197856608695652,24.25008686956522,69
Central African Republic,2011,5.5594855,24.786778875,23
Central African Republic,2012,5.185792588235294,23.229922764705883,38
Central African Republic,2013,5.826363248062018,18.60085566666667,2305
Central African Republic,2014,5.7012143896103895,18.321854398268396,1729
Central African Republic,2015,6.173227818181817,19.78478912121213,150
Central African Republic,2016,6.455275899999998,20.317961299999993,240
Chad,1989,12.133611,15.033889000000002,170
Chad,1990,15.0583335,20.625,34
Chad,1991,12.108502,15.048173,27
Chad,1992,11.89100109090909,16.512639818181817,298
Chad,1993,8.6487734,16.6334108,193
Chad,1994,10.27397557142857,17.248323857142857,234
Chad,1995,9.049447466666665,16.297039466666668,49
Chad,1996,12.108502,15.048173,4
Chad,1997,9.749437499999999,17.318921500000002,38
Chad,1998,9.348879222222221,16.500425333333332,164
Chad,2000,8.27506,16.777839999999998,5
Chad,2001,8.25,16.42,4
Chad,2002,13.816667,20.816667000000002,3
Chad,2004,14.334089000000002,21.35037414285714,28
Chad,2005,13.244678,21.372494500000002,167
Chad,2006,12.460103742857143,21.315063799999997,570
Chad,2007,13.0400002,21.283333600000002,220
Chad,2008,12.147585,17.16112,4
Chad,2009,14.222222333333335,21.986666666666665,10
Chad,2014,13.4741,14.70529,6
Chad,2015,13.361392,15.031761454545453,119
Chad,2016,12.804251,14.7740865,5
China,1989,39.928889,116.388333,2600
China,1997,33.498889,97.2479165,4
China,2005,26.172382,110.95013800000001,12
China,2008,31.482732,99.74147411111113,51
China,2009,43.800965000000005,87.600459,11
China,2015,23.88,100.08,5
Colombia,1989,5.609923538461539,-74.8773183076923,150
Colombia,1990,6.668136208333334,-75.09385512500002,171
Colombia,1991,5.88557015625,-74.23739496874998,129
Colombia,1992,6.305973111111111,-73.97155488888889,43
Colombia,1993,5.36641890909091,-74.94753827272727,76
Colombia,1994,7.041081142857143,-75.38284971428571,92
Colombia,1995,6.86445915,-75.643952,131
Colombia,1996,7.342364392156864,-75.08239698039215,227
Colombia,1997,5.882598437500001,-74.73528067187499,311
Colombia,1998,6.123728145161291,-74.37626362903225,556
Colombia,1999,6.02307973636364,-74.76804457272726,641
Colombia,2000,5.9637415869565205,-75.30241657971014,773
Colombia,2001,6.462139054263564,-75.00596231782946,819
Colombia,2002,5.400291221621625,-74.88932251891892,847
Colombia,2003,5.865372094117646,-74.07003847058823,372
Colombia,2004,5.6992259818181825,-74.23304430909094,296
Colombia,2005,4.51300134883721,-75.03093262790698,164
Colombia,2006,4.5719068518518515,-75.20435255555556,95
Colombia,2007,4.682200291666667,-76.00219633333334,52
Colombia,2008,4.754346294117647,-75.5788345882353,42
Colombia,2009,2.386432933333333,-75.99838453333334,42
Colombia,2010,2.5968939473684216,-76.05103563157894,47
Colombia,2011,4.362949583333333,-74.70422024999999,27
Colombia,2012,4.7486474,-74.71576119999999,23
Colombia,2013,2.818928,-76.200277,4
Colombia,2014,3.792811375,-75.621622875,17
Colombia,2015,2.7672749999999997,-77.5762725,5
Colombia,2016,6.3333335,-74.0,3
Comoros,1998,-12.162778,44.396389,3
Congo,1992,-4.259167,15.284722,2
Congo,1993,-4.259166999999999,15.284722,83
Congo,1994,-4.259167,15.284722,7
Congo,1996,-4.165556,13.292778,1
Congo,1997,-4.101253891891893,14.627687540540537,503
Congo,1998,-4.2537898571428565,14.51837278571428,496
Congo,1999,-4.248744789473684,13.548748736842107,443
Congo,2001,-4.268333,14.383889000000002,2
Congo,2002,-4.2836392,14.6151662,49
Congo,2003,-4.261875,14.30145825,17
Congo,2005,-4.259167,15.284722,6
Congo,2016,-4.310278,15.024583,32
Croatia,1992,44.634768666666666,17.25976866666667,22
Croatia,1993,44.4689705882353,15.72315341176471,58
Croatia,1995,45.027743,16.9030730625,171
DR Congo (Zaire),1989,-6.775370333333334,19.365555666666666,28
DR Congo (Zaire),1990,-6.5356945,17.88666675,147
DR Congo (Zaire),1991,-6.8240972499999994,20.22541675,32
DR Congo (Zaire),1992,-6.120868,20.8075,65
DR Congo (Zaire),1993,-3.558229307692308,20.894209230769228,158
DR Congo (Zaire),1994,-1.8148498181818182,27.821541363636367,328
DR Congo (Zaire),1995,-5.0099444,25.1002222,58
DR Congo (Zaire),1996,-2.361041709090909,28.88835238787875,32737
DR Congo (Zaire),1997,-1.4930350000000006,25.616773419047625,9581
DR Congo (Zaire),1998,-2.647033031746032,26.190510047619064,4794
DR Congo (Zaire),1999,-1.508453107843137,26.247889911764698,3454
DR Congo (Zaire),2000,-2.894654833333332,27.151909777777778,697
DR Congo (Zaire),2001,-1.765148294117647,27.294196029411765,467
DR Congo (Zaire),2002,-1.8443701999999997,28.44858708571428,4584
DR Congo (Zaire),2003,0.23404770370370395,29.92004842592592,2653
DR Congo (Zaire),2004,-1.468152379310345,29.111077379310345,739
DR Congo (Zaire),2005,-1.8516726956521747,28.136086217391313,274
DR Congo (Zaire),2006,-1.8329561470588236,28.279304941176466,216
DR Congo (Zaire),2007,-1.6439378125000002,27.629795791666663,278
DR Congo (Zaire),2008,0.47764567567567595,27.62512301351352,927
DR Congo (Zaire),2009,-0.42937819325842697,28.64222277977529,3145
DR Congo (Zaire),2010,1.2372145555555556,28.187060460317458,518
DR Congo (Zaire),2011,1.9554372142857148,27.84968079761905,180
DR Congo (Zaire),2012,-0.5230681690140841,28.846033901408468,570
DR Congo (Zaire),2013,-1.8832051999999997,26.64024522500001,590
DR Congo (Zaire),2014,-0.40016751470588213,28.86927410294118,480
DR Congo (Zaire),2015,0.009466641025641107,29.076228397435887,422
DR Congo (Zaire),2016,-0.739707230769231,29.194212403846144,316
Djibouti,1993,12.191667,42.641667,2
Djibouti,1998,11.133333,42.885833,1
Djibouti,1999,11.872499999999999,42.814444,3
Djibouti,2014,11.595,43.148056,1
Egypt,1990,27.180956,31.183683000000002,4
Egypt,1992,28.804305499999998,31.028889,2
Egypt,1993,28.047822222222226,30.984329000000002,10
Egypt,1994,27.347035875000003,31.287555937500002,20
Egypt,1995,27.787772857142855,30.85402131428571,53
Egypt,1996,27.827101323529416,30.899165029411762,75
Egypt,1997,27.4430834,31.1501665,81
Egypt,1998,27.65920575,30.933869500000004,5
Egypt,2004,29.263472,34.776528,34
Egypt,2005,27.863611,34.288056,88
Egypt,2013,30.41311966666667,31.243844333333328,3
Egypt,2014,29.726013000000002,31.790335,2
Egypt,2015,30.919106666666664,33.76474466666667,230
Egypt,2016,30.261464,33.3688468,34
El Salvador,1989,13.784934400000001,-88.97564900000002,98
El Salvador,1990,13.82652775,-89.11131974999999,18
Eritrea,1998,15.333329999999998,38.93333,1
Eritrea,1999,14.830595428571428,38.48206371428571,137
Eritrea,2000,15.079444,39.741111,1
Ethiopia,1989,12.671868199999999,38.539440066666664,1015
Ethiopia,1990,12.032042878787879,38.46381654545453,737
Ethiopia,1991,13.780472000000001,38.61507333333334,212
Ethiopia,1993,9.309439999999999,42.12583,26
Ethiopia,1998,14.277000000000001,39.461999999999996,6
Ethiopia,1999,12.769165333333333,40.02305666666667,16
Ethiopia,2002,10.682458375,38.303319625,35
Ethiopia,2003,7.699241833333333,35.315749333333336,511
Ethiopia,2004,7.87218895238095,35.537377285714285,244
Ethiopia,2005,7.874569,37.05861252941176,58
Ethiopia,2006,9.30006518181818,36.67690936363636,20
Ethiopia,2007,7.922405833333332,42.05281038095237,241
Ethiopia,2008,9.02497,38.74689,1
Ethiopia,2009,4.378939,38.6497495,7
Ethiopia,2011,7.8333330000000005,34.5,1
Ethiopia,2012,7.5472220000000005,40.769443833333334,88
Ethiopia,2013,7.066669999999999,38.78333,11
Ethiopia,2014,9.236767666666667,38.64692333333333,9
Ethiopia,2015,8.956488303571428,37.479244821428544,258
Ethiopia,2016,8.618676063157903,38.78472904210527,416
France,1995,48.866667,2.333333,8
France,2012,43.599515999999994,1.433188,4
France,2015,48.866667,2.333333,130
France,2016,46.545792500000005,4.1820965,87
Georgia,1992,42.62596857142857,42.184663,30
Georgia,1993,42.94931268965519,41.12463727586208,204
Georgia,1995,42.80555566666666,41.611111,52
Georgia,1998,42.584167,41.594444,20
Georgia,2004,42.227636,43.968608,3
Georgia,2008,42.2804845,43.984304,200
Germany,1989,51.12601,6.19085,1
Germany,1992,51.0,9.0,1
Germany,2016,52.516667000000005,13.4,12
Ghana,2008,11.058056,-0.24166700000000002,9
Guatemala,1989,15.228478862068963,-90.88353668965519,410
Guatemala,1990,15.055371610169495,-90.93670677966098,605
Guatemala,1991,15.19802628571429,-90.9277570357143,358
Guatemala,1992,15.14467765,-90.9570004,326
Guatemala,1993,15.242303733333333,-91.02106446666669,160
Guatemala,1994,15.090883750000003,-90.76559915000001,251
Guatemala,1995,15.301059818181818,-90.30904045454544,96
Guatemala,1996,15.412113999999999,-91.38844,7
Guatemala,1997,14.433329999999998,-91.05,2
Guatemala,1998,14.613332999999999,-90.535278,1
Guatemala,2002,15.87209,-89.2216,2
Guatemala,2004,14.3,-91.916667,1
Guatemala,2005,15.416667000000002,-91.716667,2
Guatemala,2007,14.666667000000002,-90.5,5
Guatemala,2011,16.783333,-90.116667,27
Guinea,1996,8.5625,-10.1325,27
Guinea,1998,9.155556666666667,-10.594446666666665,12
Guinea,1999,9.400001499999998,-12.9166665,13
Guinea,2000,8.69836488888889,-10.214104333333333,124
Guinea,2005,10.9,-13.033333,3
Guinea,2006,9.509167,-13.712222000000002,15
Guinea,2007,9.71920845,-12.29672205,45
Guinea,2009,9.509167,-13.712222000000002,160
Guinea,2010,10.691667,-12.25,1
Guinea,2012,9.545833499999999,-13.666666750000001,8
Guinea,2015,9.509167,-13.712222,3
Guinea-Bissau,1992,12.401944,-16.200556,2
Guinea-Bissau,1998,11.924444333333334,-15.495185,111
Guyana,2008,5.7964465,-58.1422805,20
Haiti,1989,18.539170000000002,-72.335,4
Haiti,1990,19.1,-72.3,2
Haiti,1991,18.720834000000004,-72.405806,40
Haiti,1993,18.539170000000002,-72.335,1
Haiti,1994,18.99333,-72.51201499999999,32
Haiti,1995,18.539170000000002,-72.335,1
Haiti,2004,19.328328000000003,-72.52041799999999,17
Haiti,2005,18.539170000000002,-72.335,39
Honduras,2003,15.504167,-88.02500000000002,18
Honduras,2004,15.433329999999998,-88.01666999999999,28
India,1989,29.84506936170213,80.83883689361703,251
India,1990,32.013270610619465,76.49576562831861,575
India,1991,31.602674701149425,76.45474377011494,557
India,1992,30.211493478723405,78.41073167021278,664
India,1993,29.5787698627451,81.60616894117645,385
India,1994,28.94174715384615,85.08503992307692,211
India,1995,30.299980677419352,83.04445758064514,148
India,1996,27.591780072727268,83.72938223636363,312
India,1997,28.906504944444425,83.65883481944442,369
India,1998,29.702747095999996,81.4259766,576
India,1999,31.433486482352937,78.75401663529418,501
India,2000,30.88980795238093,79.03984520317468,1132
India,2001,29.903894550724644,81.72768144202901,475
India,2002,29.73282370443347,77.80274659605912,1029
India,2003,30.051729818181816,81.24235054909087,746
India,2004,31.54444509174311,79.30975983486243,416
India,2005,31.492552669064764,78.30987378776986,594
India,2006,28.641188883458664,79.88228500751883,702
India,2007,25.173734456521732,85.9089661,564
India,2008,23.93625874712644,83.6459676954023,596
India,2009,23.94706306854839,84.73510253629033,411
India,2010,23.55457653184715,84.3248454458598,618
India,2011,23.07297797142857,82.7421212285714,249
India,2012,22.896835,83.40568901960788,281
India,2013,22.887444763157895,82.40096244736843,202
India,2014,24.304983864285724,83.1929187357143,284
India,2015,23.400605652631587,80.75584648421054,120
India,2016,23.49552013913043,80.65964742608696,146
Indonesia,1990,4.226482058823529,98.40787570588235,132
Indonesia,1991,-1.7947326666666672,111.34928133333335,361
Indonesia,1992,-1.9250000000000003,111.36449999999999,6
Indonesia,1993,-8.522219999999999,127.0,2
Indonesia,1994,-2.485736,112.11944449999999,2
Indonesia,1995,-6.707296222222222,123.53764444444444,40
Indonesia,1996,-8.683333375,125.94999999999999,15
Indonesia,1997,-8.73089511111111,125.72737655555557,29
Indonesia,1998,-7.19785011764706,125.25099447058822,52
Indonesia,1999,-8.034314448648656,123.65083358918915,932
Indonesia,2000,1.7514319090909092,108.92264109090911,135
Indonesia,2001,4.232482523809525,98.42867371428574,60
Indonesia,2002,4.196864575000001,98.850371675,286
Indonesia,2003,4.568523764705882,96.79561541176471,219
Indonesia,2004,3.9576289473684225,99.42863163157898,106
Indonesia,2005,2.6006307777777775,100.20442222222222,32
Indonesia,2006,-2.5333330000000003,140.716667,3
Indonesia,2007,-4.0838849999999995,137.18647099999998,2
Indonesia,2008,-0.3250000000000002,101.066667,5
Indonesia,2011,-2.663096,140.70013400000002,2
Indonesia,2015,-4.350035,120.1685,4
Iran,1992,34.4611975,46.4259825,4
Iran,1993,35.47360750000001,45.706894000000005,91
Iran,1996,35.8408,45.9569,11
Iran,1998,35.696111,51.423056,1
Iran,2005,37.0397,45.0983,1
Iran,2007,29.4924,60.8669,1
Iran,2009,29.496389,60.862778000000006,25
Iran,2010,29.496389,60.862778000000006,26
Iran,2011,36.328610999999995,45.571389,2
Iraq,1990,35.297475,46.034861,23
Iraq,1991,34.14517345,44.1810065,3912
Iraq,1992,32.55049091666667,45.84019383333333,164
Iraq,1993,33.791934749999996,44.69325525,134
Iraq,1994,34.051776,44.5824935,47
Iraq,1995,35.811402,43.99262949999999,113
Iraq,1996,35.12929566666666,43.975898,111
Iraq,1998,36.583333499999995,42.916666500000005,43
Iraq,1999,34.12963042857143,44.706645571428574,38
Iraq,2003,33.62965233333333,44.40579345833334,448
Iraq,2004,34.459290025641025,43.81956820512818,330
Iraq,2005,34.57541570992366,43.69194508396946,1077
Iraq,2006,34.387563619047604,43.84588836190475,762
Iraq,2007,34.722639370370366,43.80423211111109,1751
Iraq,2008,35.31397438679246,43.48866872641512,629
Iraq,2009,35.828712793750014,43.296659837500066,707
Iraq,2010,35.418549423841085,43.47526831788086,648
Iraq,2011,33.9016177,44.164638999999994,411
Iraq,2012,33.77514694776117,44.294754970149235,824
Iraq,2013,33.826499963503615,44.27998213868611,1416
Iraq,2014,34.29182538586954,43.80150216304347,2923
Iraq,2015,34.18290812437807,43.80616867661693,1885
Iraq,2016,34.76315855468743,43.5195282656249,3550
Israel,1989,31.73830360416667,34.87546995833334,80
Israel,1990,31.84924555,34.95326955,24
Israel,1991,31.535297999999997,34.535787,1
Israel,1992,31.812347125,34.751813625,17
Israel,1993,31.929698937500003,35.0470645,20
Israel,1994,31.720428249999998,34.794788249999996,58
Israel,1995,31.733445875,34.764477875,22
Israel,1996,31.718432,34.816039857142854,66
Israel,1997,31.877777666666663,35.072222333333336,24
Israel,1998,31.783333000000002,35.216667,1
Israel,2000,31.950504363636366,35.129262090909094,14
Israel,2001,31.8988585882353,34.89069194117646,116
Israel,2002,31.90010442156862,34.96199720588236,350
Israel,2003,31.753652328571427,34.79541054285714,238
Israel,2004,31.736600311475417,34.7670126229508,113
Israel,2005,31.699773380952376,34.695777571428565,80
Israel,2006,31.978977629032254,34.822388983870965,132
Israel,2007,31.557758142857132,34.631084771428576,59
Israel,2008,31.47102911111111,34.47350191666666,128
Israel,2009,31.50055107692308,34.47673627692307,306
Israel,2010,31.493629749999997,34.60939125,10
Israel,2011,31.2831664,34.5218929,21
Israel,2012,31.516666999999998,34.45,9
Israel,2014,31.456759722222202,34.43587380555556,310
Israel,2015,31.728472249999996,35.000972250000004,8
Israel,2016,31.448976,34.558551,6
Ivory Coast,1993,6.5,-8.416667,1
Ivory Coast,1994,7.313056,-8.088056,4
Ivory Coast,1995,4.4166669999999995,-7.35,5
Ivory Coast,1996,5.15,-7.383333,5
Ivory Coast,2000,5.9266665,-4.279306,101
Ivory Coast,2002,7.161838523809525,-6.15649480952381,385
Ivory Coast,2003,6.581951275862071,-6.7621372413793095,440
Ivory Coast,2004,6.142995928571428,-4.459286,49
Ivory Coast,2005,5.929889,-5.3829448,9
Ivory Coast,2006,5.337407333333334,-3.9975929999999997,8
Ivory Coast,2007,5.341111,-4.028055999999999,4
Ivory Coast,2008,6.6825,-4.523125,4
Ivory Coast,2009,4.733333,-6.616667,1
Ivory Coast,2010,6.043442799999999,-5.0289594,22
Ivory Coast,2011,6.031999342465757,-5.286051767123285,324
Ivory Coast,2012,5.341111,-4.028055999999999,3
Ivory Coast,2013,5.4166669999999995,-4.033333,2
Ivory Coast,2016,5.2118,-3.73884,14
Jamaica,1994,18.0,-76.8,1
Jordan,1992,31.95,35.933333000000005,1
Jordan,2005,31.95,35.933333000000005,59
Jordan,2015,31.0,36.0,1
Jordan,2016,31.184721999999997,35.704722,3
Kenya,1989,4.207113,34.363843,3
Kenya,1990,-1.283333,36.816666999999995,7
Kenya,1992,-1.6599998,37.20000019999999,9
Kenya,1993,-0.25,35.733333,1
Kenya,1994,-1.283333,36.816666999999995,6
Kenya,1995,-0.683333,34.766667,4
Kenya,1996,-0.808333,36.375,3
Kenya,1997,0.14444466666666664,36.377778,14
Kenya,1998,0.05,36.616667,1
Kenya,2000,1.491667,36.2833335,4
Kenya,2001,0.8122449999999999,36.4823745,32
Kenya,2005,0.6388889999999999,35.916666666666664,7
Kenya,2006,0.9233609999999999,34.59054666666666,24
Kenya,2007,-0.18420720588235281,35.930157411764704,134
Kenya,2008,0.25148542222222214,35.47612797777778,299
Kenya,2009,-1.1133332,36.9133334,40
Kenya,2011,0.7444186666666667,39.082830333333334,9
Kenya,2012,-1.1270942857142856,38.091763285714286,34
Kenya,2013,0.533349875,38.70472375,79
Kenya,2014,-0.38855655555555546,40.44289855555556,140
Kenya,2015,1.7913091666666665,40.95860183333333,167
Kenya,2016,1.6793076,39.028108700000004,36
Kuwait,1990,29.358981333333332,47.87158866666667,271
Kuwait,1991,29.348240666666666,47.764844333333336,44
Kuwait,1996,29.204715000000004,48.711135999999996,1
Kuwait,2015,29.369721999999996,47.978333,26
Kyrgyzstan,1999,39.49241,71.744214,3
Kyrgyzstan,2010,40.53,72.79,2
Laos,1990,18.926978,103.2399275,41
Laos,1993,19.363349,103.434411,3
Laos,1997,19.363349,103.434411,2
Laos,1999,18.9,103.516667,2
Laos,2000,19.363349,103.434411,2
Laos,2002,19.2752415,102.66214599999999,4
Laos,2003,19.62185566666667,102.780106,5
Laos,2004,18.833804,102.83711033333334,4
Laos,2006,18.746672,103.17949625,73
Lebanon,1989,33.83533911764705,35.529177764705885,109
Lebanon,1990,33.80091033333332,35.53994850000001,67
Lebanon,1991,33.3538585,35.46841475,8
Lebanon,1992,33.37878231578948,35.47906878947368,44
Lebanon,1993,33.38014205263158,35.49250231578948,35
Lebanon,1994,33.44759783333333,35.4919965,13
Lebanon,1995,33.29649533333333,35.48135383333334,9
Lebanon,1996,33.499524666666666,35.53385033333334,136
Lebanon,1997,33.39805033333333,35.4913015,9
Lebanon,1998,33.659980000000004,35.8910255,8
Lebanon,1999,33.252796375,35.440638625,11
Lebanon,2000,33.3867045,35.426137,2
Lebanon,2006,33.39356651136364,35.482629806818174,546
Lebanon,2011,34.633333,36.366665999999995,3
Lebanon,2013,34.1543055,35.679722,52
Lebanon,2014,34.288179,36.00231455555556,58
Lebanon,2016,33.666667,35.833333,5
Liberia,1989,6.945278,-8.386389000000001,18
Liberia,1990,6.516131701030932,-9.750977030927828,3388
Liberia,1991,6.338148266666668,-9.421926066666666,272
Liberia,1992,6.8509572307692315,-10.676484461538463,410
Liberia,1993,7.525512512820512,-9.783725153846152,2563
Liberia,1994,6.289600289473687,-9.583947171052632,3733
Liberia,1995,5.8596105833333345,-9.576910520833334,2282
Liberia,1996,6.330452833333335,-10.337973833333333,1126
Liberia,1997,6.5270366666666675,-9.96389,13
Liberia,1998,6.221389,-10.537778,13
Liberia,1999,7.781296,-9.665185333333334,70
Liberia,2000,7.4477785,-10.218612,44
Liberia,2001,8.039737294117648,-10.09885611764706,149
Liberia,2002,7.37519825,-10.208436958333335,1812
Liberia,2003,6.554814233333335,-10.070419766666667,1960
Libya,2011,31.879736916666673,15.839115749999998,242
Libya,2014,32.555928187499994,16.151682312500004,129
Libya,2015,31.52412334545456,19.400629945454554,247
Libya,2016,31.950029692307698,18.678900769230772,37
"Macedonia, FYR",1999,41.8333,22.0,6
"Macedonia, FYR",2001,42.047691799999996,21.1122524,11
Madagascar (Malagasy),2002,-17.805555499999997,48.51388883333333,8
Madagascar (Malagasy),2009,-18.916667,47.516667,31
Madagascar (Malagasy),2012,-24.066666666666666,46.25555566666667,15
Malaysia,2013,5.157361,119.2095825,2
Mali,1990,17.31228257142857,1.6005525714285713,125
Mali,1991,15.590449999999999,-5.22795,176
Mali,1992,16.50114825,-2.991868,77
Mali,1994,16.32930355555555,-1.9437014814814817,596
Mali,1995,16.770456,-3.005588,2
Mali,2007,19.5395835,2.30375,12
Mali,2008,15.997499999999997,-4.822233333333333,11
Mali,2009,17.0,-4.0,1
Mali,2010,16.605592,-4.459817,2
Mali,2011,21.067476,-3.1831709999999998,1
Mali,2012,15.78710333333333,-1.5230614444444441,24
Mali,2013,15.833197944444445,-2.889135388888889,51
Mali,2014,18.1161295,-1.5855555000000001,3
Mali,2015,16.208072272727275,-1.3927196363636363,17
Mali,2016,16.465394333333332,-1.6554385,12
Mauritania,1989,16.401253,-13.119521444444445,25
Mauritania,1990,18.318472,-13.220416499999999,19
Mauritania,2009,20.485466,-6.059545,1
Mauritania,2011,15.509153,-12.850055000000001,1
Mauritania,2012,19.696944000000002,-14.416389,1
Mexico,1989,19.056745,-99.18687,3
Mexico,1990,21.214235000000002,-100.56383,4
Mexico,1992,19.42847,-99.12765999999999,1
Mexico,1993,20.5218,-103.31116999999999,1
Mexico,1994,16.668465,-92.17096249999999,6
Mexico,1995,17.03654,-100.06299999999999,17
Mexico,1996,16.879083333333334,-97.72920666666668,4
Mexico,1997,18.20665,-95.82236499999999,48
Mexico,1998,16.8721,-91.80196,1
Mexico,2004,22.109395,-103.25773999999998,2
Mexico,2006,27.484634999999997,-99.52210600000001,1
Mexico,2007,25.337532500000002,-103.9092325,6
Mexico,2009,24.661208,-99.357728,6
Mexico,2010,26.565924799999998,-100.36507479999997,81
Mexico,2011,27.545147874999998,-102.09708062499999,198
Mexico,2012,24.907661083333334,-103.24894899999998,33
Mexico,2013,25.830632888888893,-101.79109399999999,39
Mexico,2014,19.731959090909093,-97.8594109090909,35
Mexico,2015,24.696640000000002,-107.84975555555555,28
Mexico,2016,21.441583333333337,-101.25165166666666,8
Moldova,1992,46.940716285714295,29.46242992857143,24
Morocco,2003,33.59,-7.61,34
Mozambique,1989,-23.089034380952377,33.67982809523809,412
Mozambique,1990,-22.704204157894736,33.919945052631576,182
Mozambique,1991,-22.424495135135135,33.91723,541
Mozambique,1992,-22.12698308333334,34.25411966666667,436
Mozambique,2013,-20.94,34.959,2
Mozambique,2016,-19.042499999999997,34.068889,4
Myanmar (Burma),1989,18.7342456,97.68252600000001,20
Myanmar (Burma),1990,18.62348022222222,97.65926566666667,15
Myanmar (Burma),1991,19.321742999999998,97.81325700000001,233
Myanmar (Burma),1992,19.58426376470588,93.98447864705882,237
Myanmar (Burma),1993,18.311404,95.08603600000001,2
Myanmar (Burma),1994,20.070173097560975,97.020007,82
Myanmar (Burma),1995,18.34752761666668,97.46493891666664,132
Myanmar (Burma),1996,18.606002208333333,97.73456470833332,294
Myanmar (Burma),1997,20.523289578947377,97.76837277631584,466
Myanmar (Burma),1998,18.483149953703716,97.65367751851853,432
Myanmar (Burma),1999,20.102609391666654,97.77382861666676,302
Myanmar (Burma),2000,18.644523974193536,97.79732102580655,455
Myanmar (Burma),2001,18.874483317460328,97.77521103174601,114
Myanmar (Burma),2002,19.021795728813558,98.05387569491522,268
Myanmar (Burma),2003,19.764353055555564,97.87917744444447,195
Myanmar (Burma),2004,18.67853821428571,97.62928518571432,120
Myanmar (Burma),2005,19.453502719298246,97.43843222807018,204
Myanmar (Burma),2006,19.893735862068972,97.01821065517242,198
Myanmar (Burma),2007,19.495653202898527,96.73820012318839,314
Myanmar (Burma),2008,19.265456186046517,96.65573888372091,55
Myanmar (Burma),2009,18.93754623076923,97.54546523076925,17
Myanmar (Burma),2010,18.607324000000002,97.44948930000001,30
Myanmar (Burma),2011,22.31688619402985,97.61995359701488,114
Myanmar (Burma),2012,22.36007886363636,95.83563550000002,118
Myanmar (Burma),2013,23.870269666666665,96.51783005555555,35
Myanmar (Burma),2014,22.829562999999997,95.91000366666667,43
Myanmar (Burma),2015,22.68077475675675,97.49888751351354,60
Myanmar (Burma),2016,22.537161166666664,96.87245016666667,28
Namibia,1996,-17.95,20.466667,2
Namibia,2000,-18.316666666666666,19.405555333333336,9
Nepal,1990,27.5960675,85.08601375,14
Nepal,1991,28.8575,80.0845,2
Nepal,1993,27.5,84.791665,3
Nepal,1996,28.3400575,83.28023599999999,33
Nepal,1997,28.4676,83.29245999999999,8
Nepal,1998,28.545602745098034,82.98627372549018,107
Nepal,1999,28.384973152173917,83.2027964130435,139
Nepal,2000,28.404326176470594,83.27226632352942,105
Nepal,2001,27.974410784313722,84.18411705882355,140
Nepal,2002,28.019299660377335,84.1616450566038,486
Nepal,2003,27.8274819745223,84.47764245222929,405
Nepal,2004,27.651580200445387,84.64996859688189,577
Nepal,2005,27.671125019607828,84.46916125490196,325
Nepal,2006,27.511965480769234,84.97094067307694,131
Nepal,2007,27.08333,85.08333,1
Netherlands,1990,51.19417,5.9875,2
Nicaragua,1989,13.0,-85.0,134
Nicaragua,1990,13.565642,-85.858752,2
Niger,1989,16.864929999999998,11.953712,170
Niger,1990,15.8969,5.7985,200
Niger,1992,16.0,8.0,1
Niger,1994,14.042325,6.321218,1
Niger,1995,16.634942,7.627987666666667,33
Niger,1996,13.666667000000002,12.5,1
Niger,1997,15.6275,7.8945,1
Niger,1998,15.097741000000001,13.708117999999999,147
Niger,2007,17.536350714285714,8.397565,22
Niger,2008,16.844955666666667,6.8226223333333325,10
Niger,2013,16.973333,7.991111,1
Niger,2015,13.449671157894738,12.421759578947366,168
Niger,2016,13.638604800000001,13.142648,25
Nigeria,1990,5.00718,7.0319199999999995,80
Nigeria,1992,6.453056,3.395833,1
Nigeria,1993,5.562903,5.3484665,3
Nigeria,1994,5.099114076923078,6.439047461538461,56
Nigeria,1995,4.536389,7.7470669999999995,1
Nigeria,1996,5.411525333333333,5.545877666666667,5
Nigeria,1997,4.8947765,6.5050505,4
Nigeria,1998,6.1631552,6.1336345,43
Nigeria,1999,5.2335379230769234,6.2045463076923095,2504
Nigeria,2000,6.771747500000001,6.460060333333335,42
Nigeria,2001,7.191401652173911,8.884753,386
Nigeria,2002,8.994645923076925,6.986885961538461,119
Nigeria,2003,6.939927550000002,6.158106000000001,135
Nigeria,2004,6.670121399999999,7.2626544,61
Nigeria,2005,6.191629555555555,6.039299777777778,44
Nigeria,2006,5.64894225,6.94881625,19
Nigeria,2007,5.59704475,7.131702000000001,5
Nigeria,2008,6.1770033571428575,6.758603928571429,148
Nigeria,2009,6.8952385,7.768208799999999,19
Nigeria,2010,10.324534700000001,11.581127,97
Nigeria,2011,9.839660451612904,10.323102032258062,190
Nigeria,2012,11.200516335570482,11.39609765100672,893
Nigeria,2013,11.235976,12.472120474358976,859
Nigeria,2014,11.188861516000005,12.595071388000001,5246
Nigeria,2015,11.321629147679324,12.571873468354417,3778
Nigeria,2016,10.802457520547948,12.460351013698634,657
Pakistan,1989,25.379167000000002,68.36833299999999,2
Pakistan,1990,24.86,67.01,7
Pakistan,1991,34.57173,73.89724,2
Pakistan,1994,26.677435800000005,68.3900802,14
Pakistan,1995,32.802035875,73.39698187500001,26
Pakistan,1996,31.451722999999998,72.802318,12
Pakistan,1997,27.763333499999998,70.055,3
Pakistan,1998,28.86916666666667,70.94111099999999,26
Pakistan,1999,27.4659295,68.984894,25
Pakistan,2001,24.86,67.01,6
Pakistan,2002,31.851111600000003,72.00514059999999,23
Pakistan,2003,33.38337788235294,73.7735837647059,117
Pakistan,2004,30.888053333333332,68.649675,92
Pakistan,2005,28.1442245,66.359975375,27
Pakistan,2006,30.08258383333333,67.95428083333333,29
Pakistan,2007,33.361027327272744,70.94962870909092,182
Pakistan,2008,33.62931525735295,70.98512818382345,597
Pakistan,2009,33.34304841414141,71.0584116969697,444
Pakistan,2010,32.84361234375001,70.64878063281252,1000
Pakistan,2011,33.007522730337065,70.51802175280896,402
Pakistan,2012,32.407300599999985,70.15362655555556,415
Pakistan,2013,30.767003638297854,69.52521281914895,870
Pakistan,2014,31.459860826923077,69.9837783076923,440
Pakistan,2015,31.226095148148143,70.17966348148148,295
Pakistan,2016,31.366425148148146,69.7742518888889,343
Panama,1989,8.966667,-79.533333,500
Papua New Guinea,1989,-6.361041999999999,150.992344,2
Papua New Guinea,1990,-6.143284333333334,155.39002433333334,8
Papua New Guinea,1991,-5.3075,154.58,11
Papua New Guinea,1992,-6.15771875,155.316052875,30
Papua New Guinea,1993,-6.531593,155.64837,7
Papua New Guinea,1994,-6.425143,155.523789,2
Papua New Guinea,1995,-6.4094999999999995,155.631,2
Papua New Guinea,1996,-6.3340372857142855,155.34128800000002,42
Papua New Guinea,1997,-5.766666000000001,154.716666,1
Papua New Guinea,2000,-6.143947,143.660474,3
Papua New Guinea,2001,-9.464722,147.1925,4
Peru,1989,-12.397725785714286,-74.97010857142858,144
Peru,1990,-11.824482264705884,-75.73927432352941,142
Peru,1991,-11.793528750000002,-75.37061433333332,182
Peru,1992,-12.018314512195126,-75.9479327073171,192
Peru,1993,-12.001068625,-75.56026199999998,119
Peru,1994,-10.672087785714288,-75.90049635714286,148
Peru,1995,-11.468255749999999,-76.22770075,10
Peru,1996,-9.390455142857144,-76.90375228571428,14
Peru,1997,-9.895473,-76.30676100000001,9
Peru,1998,-9.1224625,-76.2977475,8
Peru,1999,-8.792300000000001,-76.1876,20
Peru,2002,-12.043333,-77.02833299999999,1
Peru,2003,-12.605356,-73.852149,2
Peru,2006,-10.804374499999998,-74.96728,5
Peru,2007,-12.202523,-74.484199,1
Peru,2009,-9.8941935,-75.6251735,6
Peru,2010,-10.6710465,-75.0202805,3
Peru,2011,-9.787759999999999,-74.66963,3
Peru,2014,-12.296034500000001,-74.35623199999999,8
Peru,2016,-11.8922715,-74.21150800000001,3
Philippines,1989,11.874515931034482,122.98148727586205,129
Philippines,1990,10.86932444827586,123.19462010344824,96
Philippines,1991,10.935960107142856,124.05271239285716,54
Philippines,1992,11.509824545454547,122.65299981818181,24
Philippines,1993,14.07485,121.35174724999999,23
Philippines,1994,9.787087083333335,123.30246641666666,40
Philippines,1995,11.0171576,121.71672799999999,37
Philippines,1996,6.8437054999999996,123.67904912499999,22
Philippines,1997,9.936648846153846,123.16768553846155,41
Philippines,1998,7.975469,122.73920700000001,18
Philippines,1999,9.5302125,123.448911125,18
Philippines,2000,7.681987555555556,124.1511871388889,216
Philippines,2001,6.7472362499999985,122.54240499999999,74
Philippines,2002,8.09853242857143,122.94809371428575,110
Philippines,2003,8.941624137931035,123.73288213793103,117
Philippines,2004,10.042761375,123.23749087499999,139
Philippines,2005,10.329795058823528,122.52613947058823,30
Philippines,2006,10.07066430769231,122.76491923076922,23
Philippines,2007,8.742531066666666,123.4219444,50
Philippines,2008,8.065319852941178,123.89569149999997,116
Philippines,2009,7.450499249999999,122.99569129166666,100
Philippines,2010,9.50211432,123.32236863999997,58
Philippines,2011,8.571520461538462,124.04718073076926,50
Philippines,2012,8.76040876470588,123.82266323529409,30
Philippines,2013,8.341120727272726,123.53688549999998,42
Philippines,2014,11.029975357142858,123.51920042857145,33
Philippines,2015,9.669997911111114,124.34899208888889,54
Philippines,2016,9.130339153846155,122.78452023076922,20
Rumania,1989,45.193786,24.620668199999997,195
Russia (Soviet Union),1989,40.462778,46.640277499999996,21
Russia (Soviet Union),1990,40.46264,61.336110000000005,23
Russia (Soviet Union),1991,46.87972214285714,37.04182514285714,22
Russia (Soviet Union),1992,55.7558,37.6173,1
Russia (Soviet Union),1993,55.7558,37.6173,4
Russia (Soviet Union),1994,43.31518461538461,45.709623076923066,112
Russia (Soviet Union),1995,43.35975714285713,45.47578928571429,224
Russia (Soviet Union),1996,43.29557083333333,45.744379166666675,478
Russia (Soviet Union),1997,44.0412,43.0661,2
Russia (Soviet Union),1999,43.27651904761904,45.79064761904762,1238
Russia (Soviet Union),2000,43.24661951219513,45.655709756097565,1429
Russia (Soviet Union),2001,43.40823488372093,45.846560465116276,219
Russia (Soviet Union),2002,43.96540334285715,45.342794028571426,359
Russia (Soviet Union),2003,47.54325,42.394466666666666,84
Russia (Soviet Union),2004,45.29648888888889,43.93508333333333,519
Russia (Soviet Union),2005,43.247556700000004,46.03400330000001,48
Russia (Soviet Union),2006,42.987435,45.496502166666666,11
Russia (Soviet Union),2007,43.1887,45.92507499999999,4
Russia (Soviet Union),2008,43.110457142857136,45.830621428571426,20
Russia (Soviet Union),2009,43.95323125,45.215824999999995,24
Russia (Soviet Union),2010,45.65718,43.74945,49
Russia (Soviet Union),2011,46.342866666666666,43.1815,50
Russia (Soviet Union),2012,44.70982857142857,45.767342857142864,7
Russia (Soviet Union),2013,45.386891625,45.033508375,48
Russia (Soviet Union),2014,44.910811,44.56787766666667,3
Russia (Soviet Union),2015,42.6185,47.2582,2
Russia (Soviet Union),2016,42.059,48.2908,1
Rwanda,1990,-1.7309,29.843633428571426,1018
Rwanda,1991,-1.6597628333333334,29.513551999999994,932
Rwanda,1992,-1.9084058000000002,29.931525299999997,856
Rwanda,1993,-1.7399974137931034,29.713821310344823,624
Rwanda,1994,-2.156409864035089,29.831085035087707,501191
Rwanda,1995,-2.3982305,29.381539,4141
Rwanda,1996,-1.8856085384615384,29.715829923076917,232
Rwanda,1997,-1.7564140000000001,29.584145657894737,4287
Rwanda,1998,-1.8118471176470587,29.613425323529412,653
Rwanda,2001,-1.5819,29.6891,1
Rwanda,2009,-2.5204,29.3041,2
Rwanda,2012,-1.702778,29.256389000000002,2
Rwanda,2013,-1.6812599999999998,29.329321000000004,1
Saudi Arabia,2003,24.653664000000003,46.71522,26
Saudi Arabia,2004,24.9223655,46.54869479999999,36
Saudi Arabia,2006,24.653664000000003,46.71522,2
Saudi Arabia,2015,18.73509646153846,44.71454184615384,47
Saudi Arabia,2016,18.330538999999998,45.31878300000001,21
Senegal,1989,15.021944,-12.543611,2
Senegal,1990,12.738888875,-16.334513875,26
Senegal,1991,12.742857142857144,-15.87456342857143,16
Senegal,1992,12.55613246153846,-16.291581076923077,59
Senegal,1993,12.615557050000001,-16.19388585,79
Senegal,1995,12.532999933333334,-16.2213888,31
Senegal,1996,12.569167,-16.173610999999998,2
Senegal,1997,12.666891166666666,-16.189180444444442,66
Senegal,1998,12.6408255625,-16.091161312500002,108
Senegal,1999,12.566018555555553,-16.27820988888889,14
Senegal,2000,12.594750099999999,-16.1916388,20
Senegal,2001,12.7783335,-16.19493075,21
Senegal,2002,12.864691555555558,-16.443364333333335,36
Senegal,2006,13.098611000000002,-16.15875,2
Senegal,2008,12.583333,-16.271944,2
Senegal,2009,12.822361333333333,-16.126018666666667,9
Senegal,2010,12.622010333333334,-16.105216,3
Senegal,2011,12.627670333333333,-15.761702,12
Senegal,2012,15.684356000000001,-16.1166235,4
Senegal,2013,13.0300105,-16.424101,3
Serbia (Yugoslavia),1991,45.096053620689645,17.506762448275868,181
Serbia (Yugoslavia),1992,44.94457063636364,18.10959581818182,15
Serbia (Yugoslavia),1998,42.61365361290323,20.76641858064516,286
Serbia (Yugoslavia),1999,43.15032215151515,20.9273041010101,1286
Sierra Leone,1991,7.759283524999998,-11.2740800125,700
Sierra Leone,1992,8.078147955555558,-11.054050666666669,329
Sierra Leone,1993,7.929875500000002,-10.905581863636364,237
Sierra Leone,1994,8.096814041666665,-11.453926399999999,1551
Sierra Leone,1995,8.149457877192981,-11.993577921052628,1851
Sierra Leone,1996,8.272807828125002,-11.932605187500004,414
Sierra Leone,1997,8.131259960526316,-11.96281942105263,616
Sierra Leone,1998,8.726051191387558,-11.462557435406694,1872
Sierra Leone,1999,8.648067952755904,-12.563022866141731,1627
Sierra Leone,2000,8.817594756756757,-12.09516656756757,546
Sierra Leone,2001,9.000372500000001,-11.8083375,23
Sierra Leone,2002,8.5,-11.5,1
Solomon Islands,1992,-7.05,155.75,2
Solomon Islands,1999,-9.425,160.25,2
Solomon Islands,2001,-9.433333,159.95,1
Somalia,1989,5.0,44.5,688
Somalia,1990,6.0333334999999995,44.9333335,501
Somalia,1991,3.9097222499999997,45.8419445,950
Somalia,1992,1.460457,44.6613415,104
Somalia,1993,2.066667,45.366667,1
Somalia,1994,7.68666675,44.39041675,89
Somalia,1995,1.4478784999999998,44.646280250000004,13
Somalia,1996,2.437769599999999,44.745411000000004,224
Somalia,1997,2.066667,45.366667,9
Somalia,1998,1.379247,43.097682500000005,19
Somalia,1999,2.978515285714285,43.96964571428572,76
Somalia,2000,2.2999985,44.9666685,6
Somalia,2001,2.0328675,43.816732625,90
Somalia,2002,2.3666669999999996,44.87619071428571,32
Somalia,2003,2.275403125,44.41211274999999,35
Somalia,2004,3.279282666666667,44.722421,22
Somalia,2005,4.334352,44.910277666666666,20
Somalia,2006,2.0996288181818183,45.004335045454546,114
Somalia,2007,2.253835008064513,45.25103262096772,465
Somalia,2008,2.533403242857141,45.09624553571428,630
Somalia,2009,2.3148445333333316,45.261274209523755,619
Somalia,2010,2.33219149206349,45.41683112698407,419
Somalia,2011,2.398237185185183,44.97797476543204,366
Somalia,2012,2.567288295999999,44.64916923999997,291
Somalia,2013,2.675932163793102,44.9717753103448,255
Somalia,2014,2.373075457142857,44.88770975238091,220
Somalia,2015,2.7711639999999997,44.8320813658536,164
Somalia,2016,2.3031408809523795,44.585860749999945,318
South Africa,1989,-29.871221296296287,28.09675788888888,80
South Africa,1990,-28.2780257263158,28.570909252631587,256
South Africa,1991,-28.275363999999986,28.807797662921345,119
South Africa,1992,-28.44891518181816,29.438206878787906,166
South Africa,1993,-28.237411093750012,29.05222158854167,291
South Africa,1994,-28.563008122807013,29.671380385964905,93
South Africa,2002,-30.0,26.0,2
South Africa,2010,-29.0,26.0,1
South Sudan,2011,8.7486575,30.765033,34
South Sudan,2012,7.9792954736842105,30.784496736842105,92
South Sudan,2013,6.1105881500000025,31.553391966666677,914
South Sudan,2014,8.88236556060606,30.96522553030303,899
South Sudan,2015,8.293818403225803,30.15670914516128,449
South Sudan,2016,5.226487629629629,30.651006148148152,260
Spain,1989,37.178354,-3.5992010000000003,1
Spain,1990,42.4021045,-0.41467199999999993,3
Spain,1991,40.25896025,-1.7769949999999999,9
Spain,1992,43.46472,-3.80444,3
Spain,1993,40.412752000000005,-3.707721,1
Spain,1994,40.905561500000005,-0.7668104999999998,3
Spain,1998,37.382826,-5.973167,1
Spain,2000,40.412752000000005,-3.707721,2
Spain,2002,38.19273,-0.557868,2
Spain,2004,40.412752000000005,-3.707721,191
Spain,2011,43.260919,-2.938764,1
Sri Lanka,1989,7.268836509803923,80.67670196078431,490
Sri Lanka,1990,8.037224325581395,81.14312897674418,1187
Sri Lanka,1991,7.840229034482757,81.30075817241378,254
Sri Lanka,1992,7.925218894736842,81.08379889473684,381
Sri Lanka,1993,9.311820705882353,80.32243735294117,129
Sri Lanka,1994,8.642871600000001,80.2467382,33
Sri Lanka,1995,8.255681689655175,80.92705341379312,340
Sri Lanka,1996,8.397900833333335,80.83336127777778,187
Sri Lanka,1997,8.380954166666667,80.72348274999999,54
Sri Lanka,1998,8.641973166666666,80.572883,117
Sri Lanka,1999,7.748973888888888,80.9531208888889,70
Sri Lanka,2000,8.59636294117647,80.83121388235294,69
Sri Lanka,2001,8.164634882352942,81.18746347058824,45
Sri Lanka,2002,7.88053,81.4010145,4
Sri Lanka,2003,9.6567,80.0137,1
Sri Lanka,2004,7.762971,81.60275757142858,9
Sri Lanka,2005,8.248876571428571,81.14609,12
Sri Lanka,2006,8.56689486842105,80.94880839473683,363
Sri Lanka,2007,8.4663715,80.753086125,104
Sri Lanka,2008,7.933600199999999,80.44759314285717,249
Sri Lanka,2009,9.221551789237685,80.68521732735437,6830
Sri Lanka,2011,9.405216,79.592118,2
Sri Lanka,2013,7.033333,80.016667,5
Sudan,1989,7.633085833333333,31.01292366666667,1043
Sudan,1990,9.138373000000001,30.219127142857143,293
Sudan,1991,7.3012246,31.5203331,2304
Sudan,1992,8.344241250000001,31.533189375000006,3026
Sudan,1993,7.114350851851855,31.247392277777777,1671
Sudan,1994,8.964836100000001,31.402525000000004,478
Sudan,1995,10.325069374999998,30.528255124999998,386
Sudan,1996,8.307835826086958,28.534462304347826,273
Sudan,1997,7.503268846153848,29.91981876923077,369
Sudan,1998,7.81580725,29.981341916666665,1344
Sudan,1999,8.652180733333333,30.528260933333335,129
Sudan,2000,8.791558727272728,31.706871,367
Sudan,2001,10.1261447,30.30463015,214
Sudan,2002,7.226499999999999,31.105924,620
Sudan,2003,12.863904884615389,23.580431538461532,1966
Sudan,2004,11.980552807692307,25.761464553846157,3753
Sudan,2005,10.765689888888891,26.71612281481482,655
Sudan,2006,13.093034455882352,25.43674132352941,764
Sudan,2007,10.729675625,27.826545499999998,203
Sudan,2008,11.275887362068966,26.012078000000006,485
Sudan,2009,6.411014421052631,28.391344508771947,412
Sudan,2010,9.552019387096776,26.322468774193553,291
Sudan,2011,10.172178229729731,29.546084067567588,750
Sudan,2012,12.245962051282053,28.895115641025633,252
Sudan,2013,12.121960909090914,27.206651500000007,89
Sudan,2014,13.276590499999998,26.270552793103445,269
Sudan,2015,12.794335805555562,25.822854683333343,590
Sudan,2016,12.781105187499993,25.884745606249986,779
Swaziland,1989,-26.55,31.01667,2
Tajikistan,1992,38.3682754,68.76877219999999,97
Tajikistan,1993,38.352848,70.51088266666666,143
Tajikistan,1994,38.409825,68.5591445,10
Tajikistan,1995,38.77352633333333,69.73961133333334,6
Tajikistan,1996,38.592328,70.2444328888889,16
Tajikistan,1998,39.147039666666664,69.16783433333335,20
Tanzania,1992,-6.8,39.283333,1
Tanzania,2001,-5.625000166666667,39.50000000000001,37
Tanzania,2007,-6.0,35.0,3
Thailand,1989,15.0317785,100.3762215,6
Thailand,1990,14.708332999999998,98.33111099999999,2
Thailand,1991,14.708332999999998,98.33111099999999,2
Thailand,1993,16.716667,98.56666700000001,1
Thailand,1995,18.5140955,97.893886,3
Thailand,1997,12.5311965,99.518378,6
Thailand,1999,19.913611,99.826944,1
Thailand,2003,6.7,101.583333,1
Thailand,2004,6.341869819672128,101.48190622950824,149
Thailand,2005,6.378459698841696,101.55921828185343,295
Thailand,2006,6.428254256756761,101.4546727195947,345
Thailand,2007,6.437040861788617,101.40715035365864,327
Thailand,2008,6.485369666666668,101.41016407575762,181
Thailand,2009,6.486794258426967,101.40673630337079,126
Thailand,2010,6.575823397959187,101.3995488265306,141
Thailand,2011,6.606151765432098,101.49814006172838,133
Thailand,2012,6.546525112676055,101.44213105633801,131
Thailand,2013,6.5885539999999985,101.44740537209302,64
Thailand,2014,6.582696281249999,101.36867903124998,42
Thailand,2015,6.473355476190474,101.39776423809525,33
Thailand,2016,6.54138718181818,101.35921818181818,30
Togo,1992,7.740971999999999,1.2863890000000002,5
Togo,1993,6.754629333333334,1.2040743333333335,48
Togo,1998,6.690972,1.3072225,9
Togo,2005,6.594183538461537,1.248906703296704,436
Tunisia,2015,36.3593015,10.375845,59
Turkey,1989,37.92431794444444,41.71333822222222,52
Turkey,1990,37.988168214285714,41.729914928571425,64
Turkey,1991,38.53536492592592,38.66779455555556,59
Turkey,1992,38.297871366666655,40.59690488333335,260
Turkey,1993,38.622730212962956,41.04310442592594,427
Turkey,1994,38.4933915,41.078814307692305,229
Turkey,1995,38.24312480769231,39.233836653846154,100
Turkey,1996,38.511570066666664,39.11294639999999,32
Turkey,1997,38.59301,40.61719842857143,19
Turkey,1998,38.836093600000005,39.510917199999994,27
Turkey,1999,38.8969108,39.22834933333333,34
Turkey,2001,38.463259,39.855140999999996,1
Turkey,2002,37.985989000000004,41.667564,1
Turkey,2003,37.51393,42.454324,4
Turkey,2004,39.426511,36.97939483333334,11
Turkey,2005,38.2290795,34.815552,12
Turkey,2006,38.75160744444444,35.403637777777774,17
Turkey,2007,38.723818666666666,39.833058,13
Turkey,2008,38.1875,40.4331945,8
Turkey,2009,37.686150399999995,42.297608600000004,9
Turkey,2010,38.2067232,36.7427402,6
Turkey,2011,38.071034600000004,39.536944999999996,56
Turkey,2012,38.004971714285716,41.397167714285715,12
Turkey,2015,37.97541588571429,40.75905325714286,184
Turkey,2016,38.04063787500001,38.657376156249995,349
Uganda,1989,2.4802466666666665,32.45746033333333,58
Uganda,1990,2.1585986190476185,33.452655619047604,204
Uganda,1991,2.9169606923076925,32.471005,163
Uganda,1994,2.81061,32.29896042857143,37
Uganda,1995,3.2722007499999997,32.495051249999996,285
Uganda,1996,2.75079368115942,32.15264520289855,646
Uganda,1997,1.7095061538461542,31.29586946153846,629
Uganda,1998,1.6338385272727278,31.536260199999994,361
Uganda,1999,0.567082285714286,30.661533061224493,305
Uganda,2000,1.8295154999999999,31.544710868421046,172
Uganda,2001,2.6879908333333336,32.14202155555556,67
Uganda,2002,2.7694899878048775,32.661714719512204,642
Uganda,2003,2.440988846153847,33.10756835897434,694
Uganda,2004,2.8300832857142857,32.796826696428575,818
Uganda,2005,2.907900063492063,32.796640238095236,279
Uganda,2006,2.7319861666666667,32.643475888888894,63
Uganda,2007,2.151991,33.636484333333335,20
Uganda,2008,2.285278,31.345278000000004,1
Uganda,2009,0.315556,32.565556,21
Uganda,2010,0.315556,32.565556,74
Uganda,2014,0.64983,30.083159999999996,7
Ukraine,2014,48.12756339325841,38.03352941573032,902
Ukraine,2015,48.186079010101025,38.076223979797966,390
Ukraine,2016,48.13674895238095,37.86792266666667,35
United Kingdom,1989,54.127726249999995,-5.082246250000001,8
United Kingdom,1990,54.58076011111111,-6.236140333333332,10
United Kingdom,1991,54.58333000000001,-5.933329999999999,13
United Kingdom,1992,54.62403411764707,-6.027283529411765,23
United Kingdom,1993,54.611832380952386,-6.033279523809522,33
United Kingdom,1994,54.571664,-5.97333,10
United Kingdom,1997,54.583330000000004,-5.933330000000001,2
United Kingdom,1998,54.58888666666667,-6.388886666666667,31
United Kingdom,2000,54.583330000000004,-5.933330000000001,1
United Kingdom,2001,54.583330000000004,-5.933330000000001,1
United Kingdom,2002,54.58333000000001,-5.933330000000001,3
United Kingdom,2003,54.52336999999999,-6.03527,1
United Kingdom,2004,54.65983000000001,-5.908580000000001,1
United Kingdom,2005,53.04593,-3.0295350000000005,53
United States of America,2001,39.88145433333333,-76.66963533333333,2862
United States of America,2015,34.1,-117.3,14
Uzbekistan,1999,40.45125,67.26819449999999,5
Uzbekistan,2004,41.316666999999995,69.25,2
Venezuela,1989,10.117753851851853,-67.37833781481481,61
Venezuela,1990,10.232019092592592,-67.24595483333334,64
Venezuela,1991,10.148666666666669,-67.8891862962963,30
Venezuela,1992,10.222292052631587,-67.09917787719304,159
Venezuela,1993,10.324055884615388,-67.50696965384617,63
Venezuela,1994,10.011125156250003,-67.02717703125002,36
Venezuela,1995,9.85717096,-67.36700300000001,28
Venezuela,1996,10.230351299999999,-67.94902590000001,33
Venezuela,1997,10.408674,-66.72501766666666,3
Venezuela,1998,10.34610775,-68.24950450000001,10
Venezuela,1999,10.344819200000002,-67.79832608000001,26
Venezuela,2000,10.240442190476191,-67.49276466666667,25
Venezuela,2001,9.822219708333336,-66.72981995833334,27
Venezuela,2002,9.957531235294118,-66.65450117647059,20
Venezuela,2003,9.819178631578946,-66.9559085263158,25
Venezuela,2004,9.633029142857142,-66.78666,31
Venezuela,2005,10.098859333333332,-66.86048900000002,30
Venezuela,2006,9.688925866666667,-67.56414306666667,22
Venezuela,2011,10.0,-67.16667,1
Yemen (North Yemen),1994,13.227920736842108,44.91305231578947,308
Yemen (North Yemen),2008,15.354722,44.206666999999996,7
Yemen (North Yemen),2009,14.01847,46.755958,41
Yemen (North Yemen),2010,13.830585999999998,46.30841066666667,3
Yemen (North Yemen),2011,13.567817171428572,44.88797445714288,131
Yemen (North Yemen),2012,14.056844800000004,45.62513346666667,48
Yemen (North Yemen),2013,14.587518374999998,46.74569712499999,35
Yemen (North Yemen),2014,14.718187555555554,45.65220494444444,77
Yemen (North Yemen),2015,14.381542131034486,44.26218683448282,1475
Yemen (North Yemen),2016,14.777216676470593,44.346676485294104,591
Zambia,1989,-14.25,31.333333000000003,14
Zambia,1990,-14.044444499999999,31.194444333333337,32
Zambia,1993,-12.0,24.583333,1
Zambia,2000,-13.066667,22.683332999999998,1
Zambia,2001,-16.320126000000002,22.087219,7
Zimbabwe (Rhodesia),1989,-19.75,32.5,18
Zimbabwe (Rhodesia),1990,-17.927777666666667,32.30555533333334,14
Zimbabwe (Rhodesia),1995,-16.809931,29.692474,1
Zimbabwe (Rhodesia),1998,-18.970696,32.670858,1
Zimbabwe (Rhodesia),1999,-20.15,28.583333000000003,1
Zimbabwe (Rhodesia),2008,-18.334966399999995,31.199254879999998,253
Zimbabwe (Rhodesia),2011,-17.817777,31.044721999999997,1
Zimbabwe (Rhodesia),2012,-17.166667,31.666666999999997,1
